{
  "best_model": "XGBoostClassifier",
  "best_validation_auc": 0.8344085071285496,
  "timestamp": "2025-09-18T01:12:25.203454+00:00",
  "experiments": {
    "LogisticRegression": {
      "best_params": {
        "C": 0.1,
        "penalty": "l2"
      },
      "best_cv_auc": 0.8284078535446315,
      "validation_auc": 0.8213090609166962
    },
    "RandomForestClassifier": {
      "best_params": {
        "max_depth": 10,
        "n_estimators": 200
      },
      "best_cv_auc": 0.8214023160223768,
      "validation_auc": 0.824402026628962
    },
    "XGBoostClassifier": {
      "best_params": {
        "learning_rate": 0.1,
        "max_depth": 3,
        "n_estimators": 50
      },
      "best_cv_auc": 0.833491214965379,
      "validation_auc": 0.8344085071285496
    }
  }
}