{
  "best_model": "XGBoostClassifier",
  "best_validation_auc": 0.842992223400495,
  "timestamp": "2025-09-18T00:28:49.468915+00:00",
  "experiments": {
    "LogisticRegression": {
      "best_params": {
        "C": 1.0,
        "penalty": "l1"
      },
      "best_cv_auc": 0.8315029853631677,
      "validation_auc": 0.8279368445858372
    },
    "RandomForestClassifier": {
      "best_params": {
        "max_depth": 15,
        "min_samples_leaf": 5,
        "n_estimators": 200
      },
      "best_cv_auc": 0.8333661576518718,
      "validation_auc": 0.8310710498409332
    },
    "XGBoostClassifier": {
      "best_params": {
        "learning_rate": 0.1,
        "max_depth": 3,
        "n_estimators": 100
      },
      "best_cv_auc": 0.8428338631986048,
      "validation_auc": 0.842992223400495
    }
  }
}